url,label,type
br-icloud.com.br,malicious,phishing
mp3raid.com/music/krizz_kaliko.html,safe,benign
bopsecrets.org/rexroth/cr/1.htm,safe,benign
http://www.garage-pirenne.be/index.php?option=com_content&view=article&id=70&vsig70_0=15,suspicious,defacement
http://adventure-nicaragua.net/index.php?option=com_mailto&tmpl=component&link=aHR0cDovL2FkdmVudHVyZS1uaWNhcmFndWEubmV0L2luZGV4LnBocD9vcHRpb249Y29tX2NvbnRlbnQmdmlldz1hcnRpY2xlJmlkPTQ3OmFib3V0JmNhdGlkPTM2OmRlbW8tYXJ0aWNsZXMmSXRlbWlkPTU0,suspicious,defacement
http://buzzfil.net/m/show-art/ils-etaient-loin-de-s-imaginer-que-le-hibou-allait-faire-ceci-quand-ils-filmaient-2.html,safe,benign
espn.go.com/nba/player/_/id/3457/brandon-rush,safe,benign
yourbittorrent.com/?q=anthony-hamilton-soulife,safe,benign
http://www.pashminaonline.com/pure-pashminas,suspicious,defacement
allmusic.com/album/crazy-from-the-heat-r16990,safe,benign
corporationwiki.com/Ohio/Columbus/frank-s-benson-P3333917.aspx,safe,benign
http://www.ikenmijnkunst.nl/index.php/exposities/exposities-2006,suspicious,defacement
myspace.com/video/vid/30602581,safe,benign
http://www.lebensmittel-ueberwachung.de/index.php/aktuelles.1,suspicious,defacement
http://www.szabadmunkaero.hu/cimoldal.html?start=12,suspicious,defacement
http://larcadelcarnevale.com/catalogo/palloncini,suspicious,defacement
quickfacts.census.gov/qfd/maps/iowa_map.html,safe,benign
nugget.ca/ArticleDisplay.aspx?archive=true&e=1160966,safe,benign
uk.linkedin.com/pub/steve-rubenstein/8/718/755,safe,benign
http://www.vnic.co/khach-hang.html,suspicious,defacement
baseball-reference.com/players/h/harrige01.shtml,safe,benign
signin.eby.de.zukruygxctzmmqi.civpro.co.za,malicious,phishing
192.com/atoz/people/oakley/patrick/,safe,benign
nytimes.com/1998/03/29/style/cuttings-oh-that-brazen-raucous-glorious-hibiscus.html,safe,benign
escholarship.org/uc/item/5xt4952c,safe,benign
songfacts.com/detail.php?id=13410,safe,benign
casamanana.org/education/blba/,safe,benign
http://hollywoodlife.com/2014/05/01/rihanna-iheartradio-music-awards-dress-2014-pics/,safe,benign
http://www.marketingbyinternet.com/mo/e56508df639f6ce7d55c81ee3fcd5ba8/,malicious,phishing
en.wikipedia.org/wiki/North_Dakota,safe,benign
soaps.sheknows.com/daysofourlives/news/id/20259/Days_Of_Our_Lives_Casts_Ruta_Lee/,safe,benign
perfectpeople.net/celebrity-star/6920/gidget-gein.htm,safe,benign
media.caltech.edu/press_releases/13186,safe,benign
wikiobits.com/Obits/TonyProudfoot,safe,benign
vanderbilt.rivals.com/viewcoach.asp?coach=2079&sport=1&year=2011,safe,benign
http://peluqueriadeautor.com/index.php?option=com_virtuemart&page=shop.browse&category_id=31&Itemid=70,suspicious,defacement
movies.yahoo.com/shop?d=hv&cf=info&id=1800340831,safe,benign
cyndislist.com/us/pa/counties,safe,benign
http://www.824555.com/app/member/SportOption.php?uid=guest&langx=gb,malicious,malware
http://www.raci.it/component/user/reset.html,suspicious,defacement
https://docs.google.com/spreadsheet/viewform?formkey=dGg2Z1lCUHlSdjllTVNRUW50TFIzSkE6MQ,malicious,phishing
psychology.wikia.com/wiki/Phonemes,safe,benign
info.centriq.com/content/fivereasons,safe,benign
articles.baltimoresun.com/1991-06-11/sports/1991162162_1_james-koehler-texas-rangers-terrell-lowery,safe,benign
infinitysw.com/,safe,benign
strawberrycreekgardens.com/,safe,benign
http://earth-sure.com/industrial-tech/everlast-impact-resistant-dumpster-enclosure,suspicious,defacement
spoke.com/dir/p/desantis/nick,safe,benign
wordsmith.org/words/pignus.html,safe,benign
http://interpark.com/displaycorner/FreeMarket.do?_method=itemCateList&free1=pc&free2=007001008003&free3=item&disp_no=007001008003,safe,benign
http://www.newtec.ac.uk/courses/health-and-social-care/level-2-diploma-in-health-a-social-care-.html,suspicious,defacement
http://www.kingsmillshotel.com/spring/mothers-day,suspicious,defacement
almanac.logos.com/Denominations,safe,benign
gaming.wikia.com/wiki/Backbreaker_(video_game),safe,benign
ceu.hu/,safe,benign
registry.weddingchannel.com/coupledir/20108/C/R314763282/JARED_CLOUGH_AND_TAJAI_RITCHIE.htm,safe,benign
linkedin.com/pub/george-cleveland/7/80a/599,safe,benign
sunshinemills.com/,safe,benign
agoda.com/north_america/canada/montreal_qc/attractions/hotels_near_mcgill_university_centre_for_continuing_education.html,safe,benign
ctv.ca/generic/WebSpecials/sponsorship_scandal/,safe,benign
http://www.approvi.com.br/ck.htm,suspicious,defacement
http://www.shaborooz.ir/index.php?view=article&catid=7:1390-01-27-09-09-55&id=23:1390-04-12-08-07-33&tmpl=component&print=1&layout=default&page=&option=com_content&Itemid=2,suspicious,defacement
veoox.com/tags/game.html,safe,benign
chuckwalkertrio.blogspot.com/,safe,benign
aerosolesshoes.org/,safe,benign
http://www.juventudelirica.com.br/index.html,suspicious,defacement
http://www.myenrg.com/southwest/9-texas,suspicious,defacement
recipelink.com/msgbrd/board_14/2007/DEC/29094.html,safe,benign
http://www.musimagen.com/lista_socios.php?letra=\303%91,suspicious,defacement
ideas.repec.org/f/pma235.html,safe,benign
peopleaz.org/firstname/Fowlkes/6,safe,benign
orensamtraktrip.wordpress.com/,safe,benign
retajconsultancy.com,malicious,phishing
alexa.com/whatshot?q=james+arness,safe,benign
jpopasia.com/group/arashi/discography/,safe,benign
kitsapsun.com/photos/2011/feb/25/177999/,safe,benign
local.yahoo.com/info-42862457-oakland-international-airport-oakland,safe,benign
tripadvisor.com/Restaurant_Review-g680765-d1768647-Reviews-Yacha_Yacha-Miyakojima_Okinawa_Prefecture_Kyushu_Okinawa.html,safe,benign
articles.elitefts.com/articles/training-articles/five-great-exercises-for-building-a-dominant-defensive-lineman/,safe,benign
broadwaystars.com/classic/?source=www.playbill.com,safe,benign
http://www.pn-wuppertal.de/links/2-linkseite/5-httpwwwkrebshilfede,suspicious,defacement
forums.networkinfrastructure.info/motorola-wireless-lan-switches/,safe,benign
youtube.com/watch?v=mwpoPQ1SPJU,safe,benign
mccall-idchamber.org/,safe,benign
chacha.com/question/who-said-the-quote-%27say-what-you-mean%2C-mean-what-you-say-and-put-a-beat-to-it%27,safe,benign
friars.com/sports/m-baskbl/archive/prov-m-baskbl-2003.html,safe,benign
http://asociacionkaribu.org/index.php/servicios/centro-jambo,suspicious,defacement
http://www.martin-busker.de/administrator/help/en-GB/css/Facture/c4d12146ebce8e1684d3542308399779/8fa39dab95edb1b676b638a672278eae/particuliers-45636.php,malicious,phishing
pipl.com/directory/name/Whissell/180,safe,benign
spokeo.com/John+Collet,safe,benign
http://www.parafiapiaski.pl/index.php?option=com_user&view=remind,suspicious,defacement
http://fanpage.gr/family/gineka/%ce%b1%cf%85%cf%84%ce%bf%ce%af-%ce%b5%ce%af%ce%bd%ce%b1%ce%b9-%ce%bf%ce%b9-13-%cf%89%cf%81%ce%b1%ce%b9%cf%8c%cf%84%ce%b5%cf%81%ce%bf%ce%b9-%ce%ad%ce%bb%ce%bb%ce%b7%ce%bd%ce%b5%cf%82-%ce%b1%ce%bd-2/,safe,benign
faqs.org/copyright/handbook-for-the-individual-or-group-culture-free/,safe,benign
duckduckgo.com/1/c/Roman_Catholic_cathedrals_in_Canada,safe,benign
alexpay2.beget.tech,malicious,phishing
http://worldoftanks.ru/ru/content/guide/payments_instruction/mobile-payments-rostelekom-ural-utel/,safe,benign
http://www.artedesignsas.it/catalogo.html?page=shop.browse&category_id=14,suspicious,defacement
en.wikipedia.org/wiki/Lloyd_Bacon,safe,benign
http://serverfault.com/questions/682832/squid-transparent-https-certificate-error-ssl-error-bad-cert-domain,safe,benign
http://www.viamanaus.com.br/index.php?option=com_wrapper&view=wrapper&Itemid=297,suspicious,defacement
ciajfk.com/harold.html,safe,benign
http://www.protect-effect.nl/diensten/62-telefonie,suspicious,defacement
indyweek.com/artery/archives/2011/10/07/come-back-to-the-1980s-at-the-escapism-film-festival-which-begins-friday,safe,benign
linkedin.com/pub/charles-gariepy/2/642/28,safe,benign
http://www.gst-ukraine.com.ua/ukraine/tours/2754-arboretum-alexandria-sofiyivka,suspicious,defacement
facebook.unitedcolleges.net,malicious,phishing
http://www.bimabn.com/1-configurazione-supporto-apple.store-contatta/c/Apple-id/3d465e25b47e6bc23ae55f5de40e1bb1/,malicious,phishing
eyeappealoptometry.com/,safe,benign
brophygen.com/,safe,benign
icehockey.wikia.com/wiki/Dan_Blackburn,safe,benign
gurufocus.com/news/116068/who-is-the-warren-buffett-of-canada-prem-watsa-of-fairfax-financial-ffh-or-paul-desmarais-of-power-corporation-of-canada-pow,safe,benign
http://www.bg-ricevimenti.it/index.php/location/osteria-del-molo.html?fontstyle=f-smaller,suspicious,defacement
stewstew.com/,safe,benign
livingharvest.com/products/ice-cream-bars,safe,benign
http://icicibank.com/Personal-Banking/offers/offer-detail.page?id=offer-readers-digest-magazine-offer-20150202203953555,safe,benign
http://9779.info/%E5%84%BF%E7%AB%A5%E7%AB%8B%E4%BD%93%E7%BA%B8%E8%B4%B4%E7%94%BB/,malicious,malware
bleacherreport.com/articles/300242-doug-harvey-one-of-the-best-ever-to-play-the-game,safe,benign
http://www.boeuf-soufflenheim.com/de.feed?type=rss,suspicious,defacement
artfacts.net/it/istituzion/ms--muzeum-sztuki-lodz-2724/visione-generale.html,safe,benign
parsippanysoccerclub.org/,safe,benign
international.uiowa.edu/services/language/allnet/resources/languages/turkish.asp,safe,benign
btscene.eu/verified-search/torrent/franco+piersanti/,safe,benign
signature-editions.com/,safe,benign
en.wikipedia.org/wiki/Blessed_by_a_Broken_Heart,safe,benign
http://www.trenker-bestattungen.de/index.php?option=com_content&view=article&id=13&Itemid=14,suspicious,defacement
national.ca/Bold-Thinking/NATIONAL-Publications.aspx,safe,benign
halkbankparaf-para.com,malicious,phishing
http://motthegioi.vn/the-gioi-cuoi/clip-dai-gia-mac-ca-voi-co-ban-banh-my-185682.html,safe,benign
metroactive.com/papers/metro/01.29.98/idiotflesh-9804.html,safe,benign
https://twitter.com/home?status=%E3%83%8C%E3%81%91%E3%82%8B%EF%BC%81%E3%80%90%E3%82%A2%E3%83%8B%E3%83%A1%E3%80%91+http%3A%2F%2Fero-video.net%2Ft%2FwjfL4fhPp1lPxTZb+%E3%82%A2%E3%83%AA%E3%82%B5%E5%86%8D%E3%81%B3%EF%BC%81%E3%82%A8%E3%83%AD%E3%82%A2%E3%83%8B%E3%83%A1+%23ero+%23douga+%23agesage,safe,benign
http://correios.com.br/para-sua-empresa/comunicacao/certificados-digitais/ajuda-interativa/informacoes-sobre-a-baixa-dos-certificados-a1,safe,benign
http://olx.ro/i2/electronice-si-electrocasnice/electrocasnice/masini-de-cusut/gtm.start,safe,benign
http://www.aba-diagnostic.com/espace-prive/reset.html,suspicious,defacement
msn.foxsports.com/nhl/player/yann-sauve/720461,safe,benign
hallmark.businessgreetings.com/,safe,benign
musicstack.com/records-cds/toni+tony+tone,safe,benign
nudecelebsnow.com/tags/1/victoria+justus.htm,safe,benign
http://www.paoarapanui.cl/index.php?option=com_contact&view=contact&id=1&Itemid=6,suspicious,defacement
worldwrestlinginsanity.com/am2/publish/ringofhonorlive/roh_sinclair_tv2.shtml,safe,benign
http://www.designeremdoces.com/components/com_contact/ggdrives/,malicious,phishing
http://slashdot.org/submission/2916707/facebook-to-include-profile-photos-in-its-facial-recognition-database,safe,benign
facebook.com/people/Yui-Takeshita/100001611015714,safe,benign
sportsposterwarehouse.com/items_388__grandprixclassicscoll.html,safe,benign
padmapper.com/search/apartments/Quebec/Montreal-est/,safe,benign
mrskin.com/christina-ricci-nude-c868.html,safe,benign
lip-service.com/webzine/tag/post-apocalyptic-fashion/,safe,benign
http://www.tiendagnulinux.com.ar/calcomanias-en-vinilo?page=shop.browse&category_id=52,suspicious,defacement
http://chelurao.ru/index.php?option=com_content&view=article&id=9&Itemid=10&lang=ru,suspicious,defacement
linkedin.com/pub/dir/elizabeth/scarborough,safe,benign
cqgcr.ca/ang/producer01.php,safe,benign
huffingtonpost.com/2011/10/24/south-carolina-primary-case_n_1029599.html,safe,benign
http://qz.com/403774/quartz-daily-brief-japanese-military-verizon-aol-sporty-branson-saucy-swedes/,safe,benign
select.nytimes.com/gst/abstract.html?res=F70814F93B581A7A93CBA9178BD95F4C8385F9,safe,benign
startrekcostumes.net/,safe,benign
en.wikipedia.org/wiki/Neil_Curtis,safe,benign
music.carowinds.com/,safe,benign
http://9779.info/%E6%A0%91%E5%8F%B6%E7%B2%98%E8%B4%B4%E7%94%BB/,malicious,malware
newjersey.craigslist.org/,safe,benign
roverslands.net,malicious,phishing
familypedia.wikia.com/wiki/Joseph_Philippe_Roi_de_Villere_%281727-1769%29,safe,benign
http://mylust.com/videos/232790/hentai-slut-with-big-juicy-tits-gets-fucked-doggy-style/,safe,benign
acronymfinder.com/John-Burroughs-High-school-(Burbank%2c-CA)-(JBHS).html,safe,benign
http://www.familienbund.org/index.php?option=com_content&view=article&id=291:stellungnahme-des-familienbundes-der-katholiken-zum-referentenentwurf-eines-gesetzes-zur-erweiterung-der-grosselternzeit-&catid=5:stellungnahmen&Itemid=8,suspicious,defacement
http://www.vanoorschotkranen.nl/hoogwerker/hoogwerkers.pdf,suspicious,defacement
youtube.com/watch?v=K_-bsYE-y08,safe,benign
myspace.com/jking909,safe,benign
http://www.academiedumeuble.ca/index.php?option=com_seminar&task=3&cid=516&sem_midx=0&sem_jidx=0&Itemid=69,suspicious,defacement
corporacionrossenditotours.com,malicious,phishing
http://maslen.sk/index.php?option=com_contact&view=contact&id=37:iados-o-obchodnu-spolupracu&catid=29:dopytformular&Itemid=5,suspicious,defacement
http://www.clinicatecma.es/index.php/densiometria,suspicious,defacement
movies.msn.com/celebrities/celebrity/george-'gabby'-hayes/,safe,benign
idlebrain.com/news/functions/engagement-brahmini.html,safe,benign
vh1.com/video/that-metal-show/full-episodes/carmine-appice-dave-meniketti/1663564/playlist.jhtml,safe,benign
archiver.rootsweb.ancestry.com/th/read/GEN-OBIT/2007-04/1176208149,safe,benign
perezhilton.com/category/william-shatner/,safe,benign
fsnaindia.com/,safe,benign
actionjaxon666.wordpress.com/2011/02/24/new-macbook-pros-secretly-16gb-capable/,safe,benign
en.wikipedia.org/wiki/Kenji_Nojima,safe,benign
alaskajewelry.com/colored-stone-tanzanite-rings-c-21_72_91.html?=&infoBox=0,safe,benign
greenparty.ca/campaign/24048,safe,benign
http://mic.com/articles/117758/mtv-just-gave-these-artists-a-huge-platform-to-bring-attention-to-indigenous-rights,safe,benign
randomhouse.com/book/84548/tapestry-of-spies-by-stephen-hunter,safe,benign
argentinawarez.com/musica-mp3-gratis/65991-ost-boat-rocked-soundtrack-2cd-2009-a.html,safe,benign
192.com/atoz/people/gerrard/steven/,safe,benign
users6.nofeehost.com/aldenh/493.html,safe,benign
facebook.com/opalhilldrive,safe,benign
scottss.com/,safe,benign
http://drive-google-com.fanalav.com/6a7ec96d6a4b8b887e9f9ace81b40a99/,malicious,phishing
manta.com/ic/mt6fkz0/ca/residence-sault-au-recollet,safe,benign
http://www.perthshire-caravans.co.uk/stock-list/caravans/706-elddis-odyssey-540,suspicious,defacement
forum.exscn.net/archive/index.php/t-10778.html?pda=1,safe,benign
superpages.com/bp/Kansas-City-KS/Kansas-City-Terminal-Railway-L2170949422.htm,safe,benign
maxlapointe.com/?p=141,safe,benign
http://rendeck.com/index.php/nl/vacatures/table/9/0/index.html?resetfilters=0,suspicious,defacement
ca.ratemyteachers.com/louise-trichet/106184-s,safe,benign
cardomain.com/ride/2424103/2006-pontiac-gto,safe,benign
apps.facebook.com/ilike/artist/Les+Respectables,safe,benign
cbssports.com/nba/players/playerpage/20626/paul-pierce,safe,benign
detkreimeier-fotografie.de,malicious,phishing
http://listovka.info/xmap.html,suspicious,defacement
home.comcast.net/~jcage89/350z/navbox/index.htm,safe,benign
margaritawill.com/hotdogs/,safe,benign
pipl.com/directory/name/Pallas/Tony,safe,benign
newyorker.com/archive/1982/04/12/1982_04_12_039_TNY_CARDS_000335949,safe,benign
youtube.com/watch?v=eMY1FT3Pqh8,safe,benign
law.cornell.edu/wex/Joint_venture,safe,benign
pitchfork.com/reviews/albums/13979-broken-bells/,safe,benign
http://skyrock.com/videos/eDJwODRhNzoxMw==-bug-1187-moi-ma-famille.html?top=3&period=recent,safe,benign
hollywood.com/movie/Biutiful/6870447,safe,benign
facebook.com/pages/The-Paul-Lynde-Halloween-Special-1976/280289980245,safe,benign
hot-people.info/Crossett_AR_Dorothy-Moore_Eric--Newton_1051.html,safe,benign
onlineradio7.com/listen/CFLO_1047,safe,benign
http://9779.info/%E5%8F%A4%E4%BB%A3%E4%BA%8C%E5%8D%81%E5%9B%9B%E5%AD%9D%E5%B8%83%E8%B4%B4%E7%94%BB/,malicious,malware
http://www.jnpiraq.net/arabic/index.php?option=com_content&view=article&id=610&catid=5&Itemid=10,suspicious,defacement
artistswithaids.org/artforms/music/catalogue/rileyl.html,safe,benign
http://www.versverwerktegroenten.nl/bruine-bonen.html,suspicious,defacement
mylife.com/dominicbouchard,safe,benign
mmagearguide.com/ufc-117-t-shirts-silva-vs-sonnen/,safe,benign
worldtraveltours.org/4-alternative-places-you-can-choose-at-montreal-travel/.html,safe,benign
iptv.org/,safe,benign
elliscountydivorcelawyer.com/ellis-county-post-divorce-modification.htm,safe,benign
http://grantland.com/the-triangle/2015-mlb-over-under-bets-chicago-cubs-houston-astros-oakland-as-tampa-bay-rays/,safe,benign
fanpix.net/gallery/doug-savant-pictures.htm,safe,benign
chacha.com/question/what-time-does-metro-center-mall-close,safe,benign
marcospecialties.com/storeitems.asp?game=Chicago%20Coin&Chicago%20Coin=RED%20BARON%20(Blue%20Max),safe,benign
hdlns.com/g508zf1457/Kansas+City+Star+Obituaries+Obituaries+from+Kansas+City+Star+Kansas+City%2C+MO,safe,benign
familytreemaker.genealogy.com/users/v/e/r/James-R-Verrier/GENE7-0008.html,safe,benign
therainmakersmessageboard.yuku.com/,safe,benign
tumblr.com/tagged/sebastien+lefebvre,safe,benign
ussoccer.com/News/Soccer-Wire/2002/10/U-S-Soccer-Wire-Galaxy-Claims-2002-MLS-Cup-With-1-0-Double-OT-Win-Over-Revs-Will-Go-For-Rare-Double.aspx,safe,benign
filmannex.com/movie/1984-olympics-fencing-men-saber/21938,safe,benign
allaboutjazz.com/php/musician.php?id=3751,safe,benign
info-pages.000webhostapp.com,malicious,phishing
skiracing.com/?q=node/514,safe,benign
myptccash.com,malicious,phishing
ertx.com/movie/2008/mad-about-mambo,safe,benign
classicbikepictures.co.uk/c319/p2499/for_sale/yamaha%C2%A0yfu1wyfu1-t_for_sale.html,safe,benign
http://thenextweb.com/dd/2011/05/09/squarespace-to-begin-version-6-beta-testing/gtm.js/gtm.js,safe,benign
http://ecoledecoiffurecarolinelaprise.com/formations/pose-ongles/108.html,suspicious,defacement
mtlasm.blogspot.com/,safe,benign
http://chinacxyy.com/piccodejs-000.asp?lm2=191&x=3&y=2&w=90&h=63&open=1&n=10&tj=0,malicious,malware
medicinenet.com/heel_spurs/city.htm,safe,benign
music.yahoo.com/nothingface/,safe,benign
http://9779.info/%E6%8A%98%E7%BA%B8%E6%89%87%E5%AD%90%E6%8B%BC%E8%B4%B4%E7%94%BB/,malicious,malware
espn.go.com/college-football/team/_/id/2306/kansas-state-wildcats,safe,benign
bleacherreport.com/articles/811265-mlb-power-rankings-comparing-every-mlb-team-to-a-classic-80s-rock-band,safe,benign
citiprepaid-salarysea-at.tk,malicious,phishing
famoushookups.com/site/relationship_detail.php?name=Martin-Brodeur&celebid=12150&relid=11371,safe,benign
genealogybuff.com/ar/clark/webbbs_config.pl/noframes/read/10,safe,benign
microlabsltd.com/,safe,benign
tripadvisor.com/ShowUserReviews-g57417-d1013388-r21219909-Mulligan_s-Stratton_Mountain_Vermont.html,safe,benign
http://www.smc-images.co.uk/images/index_hvoda_2311_10.html,malicious,phishing
flickr.com/people/sleepingelf/,safe,benign
http://www.nabu-gaildorf.de/index.php?option=com_jevents&task=day.listevents&year=2013&month=01&day=01&Itemid=33,suspicious,defacement
subscene.com/Taking-Woodstock/subtitles-80048.aspx,safe,benign
http://kccs.nichost.ru/index.php?option=com_content&view=article&id=107:-24052012-213&catid=17:news&Itemid=35,suspicious,defacement
http://www.nubiafarias.com/v1/index.php?option=com_mailto&tmpl=component&link=b9f337d1ca40d09a113ab5ae6426a96e642fb2af,suspicious,defacement
http://thenextweb.com/insider/2014/10/29/unbabel-integrates-mailchimp-offer-translation-service-promotional-emails/gtm.js/gtm.start,safe,benign
tabs.ultimate-guitar.com/a/audioslave/audioslave_album_btab.htm,safe,benign
sunjournal.com/section/news/5974,safe,benign
http://www.elektro-vozila.si/motocikli/novice/volta-bcn-city-je-elektricni-mestni-supermoto-iz-spanije,suspicious,defacement
ethicalsuperstore.com/products/green-and-blacks/organic-hot-chocolate-drink/?_$ja=tsid:6494%7Ccc:%7Cprd:12744%7Ccat:Groceries+%26+Everyday+%3E+Drinks+%3E+Chocolate,safe,benign
lilliputreview.blogspot.com/2011/04/r-h-blyth-on-waka-and-haiku.html,safe,benign
http://www.musimagen.com/lista_socios.php?pagina=15&letra=,suspicious,defacement
basketball.wikia.com/wiki/Golden_State_Warriors,safe,benign
ech.cwru.edu/ech-cgi/article.pl?id=PGS,safe,benign
filmaffinity.com/es/search.php?stype=cast&stext=Elliott+Gould,safe,benign
chicopeemasoniclodge.org/westover.htm,safe,benign
filmcritic.com/features/2008/10/american-science-fiction-movies/,safe,benign
geographic.org/geographic_names/v/ve_014.html,safe,benign
paperbackswap.com/Sadie-Rose-Adventure-Hilda-Stahl/book/0891076352/,safe,benign
baseball-almanac.com/players/player.php?p=hengeda01,safe,benign
biographi.ca/EN/ShowBio.asp?BioId=41243,safe,benign
deborahfrances-white.com/stand-up.html,safe,benign
spcmoray.com/,safe,benign
http://sexshop-bg.biz/products?page=shop.browse&category_id=276,suspicious,defacement
edu.gov.on.ca/eng/sift/indexSec.asp,safe,benign
benoitglazer.com/,safe,benign
judgepedia.org/index.php/Alan_Gold,safe,benign
http://mueblesjulianjimenez.es/index.php?page=shop.browse&category_id=14&option=com_virtuemart&Itemid=9,suspicious,defacement
sbnation.com/ncaa-football/players/36729/brandon-smith,safe,benign
isearch.com/searching.php?qloc=&showForm=name&qname=Robin+Kelly&refer=3338,safe,benign
http://fischereiverein.org/bildergalerie/category/45-faenge-oktober-2010,suspicious,defacement
ratemyteachers.com/amelia-high-school/15131-s,safe,benign
http://www.expatsalon.ru/index.php/2009-03-04-07-22-09/category/7-.html?start=20,suspicious,defacement
http://apoiojur.com.br/index.php?%2FTable%2FAdministrativo%2F,suspicious,defacement
http://www.steffen-lemme.de/contact/berliner-buero/besuch-in-berlin,suspicious,defacement
http://djsipke.nl/foto-album/1-cafedeknyp/detail/74-104.html?tmpl=component,suspicious,defacement
carfloormatsforsale.com/door-sill/,safe,benign
http://www.harley-davidson-dijon.com/component/adsmanager/1-/737-,suspicious,defacement
facebook.com/pages/Liberman-Broadcasting/106123536086051?sk=info,safe,benign
thefreelibrary.com/No+Catholic+schools+in+Quebec.-a030534573,safe,benign
cngzhz.en.ec21.com/,safe,benign
atlasshrugs2000.typepad.com/atlas_shrugs/2007/08/your-black-musl.html,safe,benign
rotoworld.com/player/nhl/1413/player?r=1,safe,benign
facebook.com/topic.php?uid=34012632110&topic=5794,safe,benign
tomdegan.blogspot.com/,safe,benign
http://www.smartphone.net.br/index.php?option=com_content&view=article&id=66&Itemid=60&lang=pt,suspicious,defacement
http://www.annamodlo.com.ua/index.html,suspicious,defacement
http://codecanyon.net/item/hide-my-joomla-hide-your-source-links/full_screen_preview/8988449,safe,benign
cswisdom.com/,safe,benign
http://www.aquamarinadivingtenerife.com/en/sites-of-interest.html,suspicious,defacement
http://www.lafavoritacb.com/index.php?option=com_content&view=article&id=107:horarioinvierno&catid=43:articulos&Itemid=77,suspicious,defacement
ibabuzz.com/outtakes/category/night-owl/crown-city-rockers/,safe,benign
youtube.com/watch?v=ueziUAQR9LU,safe,benign
en.wikipedia.org/wiki/Simonne_Monet-Chartrand,safe,benign
http://www.sidecocarrelli.it/x.txt,suspicious,defacement
http://www.metalsul.ind.br/site/index.php?option=com_morfeoshow&Itemid=,suspicious,defacement
martindale.com/Brett-Donald-McIntosh/834737-lawyer.htm,safe,benign
frillr.com/?q=taxonomy/term/1733,safe,benign
bankingblog.celent.com/?p=2493,safe,benign
en.wikipedia.org/wiki/Category:American_religious_leaders,safe,benign
narrativemagazine.com/authors/saul-bellow,safe,benign
benmeadowcroft.com/reports/corbato/,safe,benign
spokeo.com/Mike+Burrows,safe,benign
http://otomoto.pl/ciezarowe/EW4Hou_aN610rPsocimkJ_IuLBofatBy4b0MLqoh7Lf.B7/JOcK7gzdoyrcIT2176iLzhCz8UoPOGcT6Y1ax8FNTPf.l7,safe,benign
youtube.com/watch?v=FXWq7qMYB2s,safe,benign
cifstate.org/,safe,benign
nchsband.com/,safe,benign
tvguide.com/celebrities/peter-keleghan/169984,safe,benign
arstechnica.com/apple/news/2011/07/how-charlie-miller-discovered-the-apple-battery-hackhow-a-security-researcher-discovered-the-apple-battery-hack.ars,safe,benign
blog.metmuseum.org/penandparchment/tag/hours-of-jeanne-devreux/,safe,benign
divacafe.net/,safe,benign
archive.org/stream/lifeofmaryqueeno00headuoft/lifeofmaryqueeno00headuoft_djvu.txt,safe,benign
http://buzzfil.net/article/5646/animaux/on-dirait-une-attaque-mais-la-realite-en-est-tout-autre-3.html?href=inner_website,safe,benign
http://portal.dddgaming.com/docs/rules/15022/cn/game_cn.html?amluMjAxNQ%3D%3D,malicious,malware
manta.com/c/mmq1m7y/coldwell-banker-heart-america,safe,benign
superpages.com/bp/Milford-OH/Cliff-Riley-Insurance-L0125750056.htm,safe,benign
ideas.repec.org/e/ppe73.html,safe,benign
http://www.school91.kiev.ua/index.php?option=com_content&view=category&layout=blog&id=38&Itemid=57,suspicious,defacement
flickr.com/photos/cornforthimages/5812399737/,safe,benign
http://djkatrina.ru/sobytiya/meropriyatiya/klub-prime-otkryvaetsya-posle-remonta-i-razdaet-podarki.html,suspicious,defacement
national.citysearch.com/profile/45753728/vacaville_ca/fentons_creamery.html,safe,benign
http://yourlust.com/videos/tight-euro-teen-anna-gets-properly-fucked-on-the-floor.html,safe,benign
nytimes.com/pages/books/index.html,safe,benign
legendsofhockey.net/LegendsOfHockey/jsp/SearchPlayer.jsp?player=10372,safe,benign
http://szgs.ru/information-for-you/interesting-articles/13-2008-08-04-06-37-10.html,suspicious,defacement
http://www.sandroecicero.com.br/index.php?option=com_content&view=article&id=1&Itemid=3&vsig1_0=18,suspicious,defacement
homegain.com/local_real_estate/ND/argusville.html,safe,benign
http://9779.info/%E7%AE%80%E5%8D%95%E6%8A%98%E7%BA%B8%E7%B2%98%E8%B4%B4%E7%94%BB/,malicious,malware
http://noticias.uol.com.br/album/bbc/2015/04/01/obras-de-anel-rodoviario-de-r-68-bilhoes-afetam-rios-e-nascentes-em-sp.htm,safe,benign
theglobeandmail.com/news/opinions/editorials/in-the-commons-the-kids-are-alright/article2011610/,safe,benign
bw.edu/athletics/fb/staff/grabowski/,safe,benign
appieid-enable.com,malicious,phishing
fadsplymouth.com/,safe,benign
locatetv.com/tv/ellen-degeneres-show/1964142/episode-guide,safe,benign
imdb.com/name/nm0769371/,safe,benign
scotborders-folk.org.uk/labels.htm,safe,benign
visa.ca/gvav/list2005.jsp?year=2005&curMonth=12,safe,benign
autopostoajax.com.br,malicious,phishing
en.wikipedia.org/wiki/Party_of_One_(Peter_Elkas_album),safe,benign
http://kienthuc.net.vn/diem-thi/diem-chuan-dai-hoc-bach-khoa-ha-noi-nam-2014-487293.html,safe,benign
http://pikabu.ru/tag/%D0%BC%D0%B8%D0%BD%D0%B8%D0%BC%D0%B0%D0%BB%D0%B8%D0%B7%D0%BC/hot,safe,benign
http://www.ekino-neureut.de/index.php?option=com_content&view=article&id=15&Itemid=15,suspicious,defacement
http://www.rockabilly.it/gruppi/52-four-stars.html,suspicious,defacement
http://www.rathgaelgym.org/squads/mag.1,suspicious,defacement
absoluteastronomy.com/topics/Legion_of_Merit,safe,benign
thaiairways.com/,safe,benign
famouspeople.com/famous_biographies/Lizzie_Stanton.htm,safe,benign
triclopsband.com/,safe,benign
mp3raid.com/music/lo_key.html,safe,benign
amtrakcalifornia.com/index.cfm/routes/san-joaquin/,safe,benign
4martinique.com/,safe,benign
http://apoiojur.com.br/index.php?%2FNoticias%2Fnoticias.html,suspicious,defacement
http://extratorrent.cc/torrent/4189694/Linux+User+%26+Developer+-+50+Critical+Fixes+%28Issue+152%2C+2015%29.html,safe,benign
http://www.graz4u.at/de/produkte/187-high-level-e-mail-security.html,suspicious,defacement
dwaynemeisner.com/,safe,benign
linkedin.com/pub/john-barkley/7/764/916,safe,benign
flyershistory.com/cgi-bin/b-player.cgi?Bernie_Parent,safe,benign
http://www.richpictures.co.uk/home/viewpost/232,suspicious,defacement
topix.com/ca/montreal-qc-montreal-nord,safe,benign
http://9779.info/%E5%B9%BC%E5%84%BF%E7%B2%BD%E5%8F%B6%E8%B4%B4%E7%94%BB/,malicious,malware
trssllc.com/,safe,benign
allgame.com/game.php?id=39396,safe,benign
renerichardcollections.com/media.html,safe,benign
securityfirstinternationalholdings.com/,safe,benign
factbites.com/topics/Leyte,safe,benign
car-stuff.com/pontiacgrandprixparts.htm,safe,benign
usa-people-search.com/Find-Steven-Schwartz-CO.aspx,safe,benign
muhanovabeauty.ru,malicious,phishing
http://www.simmeurope.com/index.php?view=article&id=23:budget-economique-exploratoire-pour-lannee-2012&tmpl=component&print=1&layout=default&page=&option=com_content&Itemid=48,suspicious,defacement
en.wordpress.com/tag/j-pop/,safe,benign
pinoyexchange.com/forums/archive/index.php/t-194687.html,safe,benign
classicflix.com/buster-keaton-shorts-collection-bluray-1920-1923-p-11169.html,safe,benign
http://spplodz.nazwa.pl/archiwum/2006_08b.php,suspicious,defacement
vodacom.co.za/,safe,benign
http://www.bertilohlsson.com/de/component/user/login?return=aHR0cDovL3d3dy5iZXJ0aWxvaGxzc29uLmNvbS9iaWxkZXJnYWxlcmllL2tsYXNzaXNjaGUtZG9zZW4vcnVuZGUtZm9ybT9sYW5nPWRl,suspicious,defacement
uwsuper.edu/alumni/halloffame/individuals.cfm,safe,benign
http://www.besztercekk.hu/index.php?option=com_lr&view=stadium&id=1&Itemid=162,suspicious,defacement
suite.tekora.com/i/philippecoupjambet,safe,benign
medicine.mcgill.ca/radiology/home_teachinghospitals.htm,safe,benign
http://gizmodo.com/one-year-after-the-first-snowden-leak-whats-really-cha-1586213046/all,safe,benign
jbmfilms.com/,safe,benign
http://www.manganellipalace.it/de/willkommen-bei.html,suspicious,defacement
en.wikipedia.org/wiki/Southeast_High_School_(Kansas_City%2C_Missouri),safe,benign
infopig.com/news/12-08-2009.html,safe,benign
http://uproxx.com/dimemag/2015/05/lebron-instagram-like-wants-to-leave-school-to-be-model-she-shouldnt/,safe,benign
linkedin.com/pub/tim-stepanski/18/319/149,safe,benign
deafresources.info/,safe,benign
http://web.tv/liveCategory/17/language/1/index/changeLanguage/newshared/searchAutoComplete,safe,benign
juggle.com/gary-pettis,safe,benign
weather.noaa.gov/weather/TX_cc_us.html,safe,benign
http://www.sikobv.eu/nl/component/mailto/index.html?tmpl=component&link=aHR0cDovL3d3dy5zaWtvYnYuZXUvbmwvY29tcG9uZW50L2NvbnRlbnQvYXJ0aWNsZS8yLXZvb3JwYWdpbmEtdGFiLzI0MC1kZWxvLW5ldy1jYXJ0cmlkZ2Utc3lzdGVtLmh0bWw=,suspicious,defacement
http://midas-medical.com/products/electrocardiographecg/cardio-max-series/cardio-max-cm-03c/index.html,suspicious,defacement
rcarpe95.beget.tech,malicious,phishing
answers.com/topic/the-northern-pikes,safe,benign
http://www.kommunalbit.de/index.php?option=com_content&view=section&id=5&Itemid=14,suspicious,defacement
http://www.galerie-unterm-maulbeerbaum.de/index.php?option=com_content&view=article&id=58&Itemid=57,suspicious,defacement
http://fb.com.accounts.login.userid.343441.fbsbk.com/,malicious,phishing
uk.ask.com/wiki/Lou_Holtz,safe,benign
adsoftheworld.com/profile/profile_country/Egypt?page=4,safe,benign
lifeskate.com/skate/2009/01/jessica-dub%C3%A9-and-bryce-davison-win-pairs-event-at-2009-canadian-figure-skating-championships.html,safe,benign
flixster.com/actor/tyrone-benskin,safe,benign
basil-poledouris.thelyricarchive.com/lonesome-dove/,safe,benign
monettecn.multiply.com/contacts,safe,benign
collegehockeynews.com/news/2010/03/13_quinnipiac.php,safe,benign
summitconnects.com/In_the_News/ARCHIVE/2005_06.htm,safe,benign
http://yourlust.com/videos/frantic-european-blondie-rocks-the-show-with-masturbation-solo.html,safe,benign
dailymotion.com/video/x3ytl9_wcw-superbrawl-1998-part-1_sport,safe,benign
imdb.com/name/nm0056924/,safe,benign
wn.com/De_La_Rue,safe,benign
ehow.com/list_7588256_solar-panel-manufacturing-companies.html,safe,benign
http://www.smos.cn/Case.asp?id=14,suspicious,defacement
prnewswire.com/news-releases/reportlinker-adds-the-top-10-confectionery-companies-84485407.html,safe,benign
sanfranciscobay.sierraclub.org/,safe,benign
http://www.nissad.com/nissad-contact.html,suspicious,defacement
myspace.com/amyryan07,safe,benign
http://www.whitminsterinn.co.uk/specialevents/calendar-day/03/01/2013,suspicious,defacement
placesforafrica.com/exdeo/directions.php,safe,benign
hmckc.maestroweb.com/,safe,benign
titaniumcorporate.co.za,malicious,phishing
poemhunter.com/poem/the-ten-lepers/,safe,benign
fanpop.com/spots/jun-matsumoto/images,safe,benign
facecouncil.org/,safe,benign
factmonster.com/ce6/people/A0809182.html,safe,benign
mylife.com/c-2123302385,safe,benign
barnesandnoble.com/w/hero-living-rudy-reyes/1100173214,safe,benign
facebook.com/pages/Sergio-Vitanza-Belgrave/179652016207,safe,benign
jigsaw.com/scid5327852/peter_m_blaikie.xhtml,safe,benign
http://rt.com/in-vision/oles-buzina-last-respects/assassinated-oles-journalist-buzina/,safe,benign
http://grasslandhotel.com.vn/index.php/component/djcatalog2/items/6-services,malicious,malware
http://torcache.net/torrent/2463A34D382BCD98F471FB5A7F028D2B49EBE011.torrent?title=[kickass.to]vmware.workstation.9.0.2.build.1031769.final.serial,safe,benign
ihavenet.com/nfl-2008-new-york-giants-aim-to-repeat-as-NFL-champions.html,safe,benign
ca.linkedin.com/pub/daniel-belanger/15/b37/b62,safe,benign
2merkato.com/20110920355/afdb-to-co-finance-ethiopian-power-line-to-kenya,safe,benign
http://totallifechurchjax.com/index.php?option=com_content&view=article&id=182:may-29-teamwork-episode-07&catid=66:teamwork,suspicious,defacement
jdcarr.com/forsale.htm,safe,benign
lyrics.com/cant-hold-us-down-lyrics-christina-aguilera.html,safe,benign
croonet.com/start/G_NDg4MDQwMQ%3D%3D/,safe,benign
http://www.dolcevino.it/index.php?option=com_contact&view=contact&id=3&Itemid=111,suspicious,defacement
http://9779.info/%E4%BA%94%E8%B0%B7%E6%9D%82%E7%B2%AE%E4%BA%BA%E7%89%A9%E7%B2%98%E8%B4%B4%E7%94%BB/,malicious,malware
soloautotuning.com/nissan-juke/,safe,benign
http://danielfabri.com.ar/mapa-del-sitio/index.html,suspicious,defacement
totalwrestlinguk.co.uk/wcw-ppv.php,safe,benign
armchairgm.wikia.com/1957_NCAA_Men%27s_Division_I_Basketball_Tournament,safe,benign
facebook.com/TheLateLateShowwithCraigFerguson?filter=3,safe,benign
baseball-almanac.com/teamstats/roster.php?y=1985&t=MON,safe,benign
alibris.com/search/books/author/Pratt%2C%20Fletcher,safe,benign
smartshoppingmontreal.com/store.php?s=146,safe,benign
http://elitedaily.com/entertainment/film/uncle-wears-princess-dress-movie-niece/976238/,safe,benign
dipity.com/timeline/NTSB-FedEx-Crash/,safe,benign
facebook.com/pages/London-Ice-Dawgs-Youth-Hockey-Club/221260881220211,safe,benign
http://bjgdhm.com/cn/product.asp?id_code=0007,suspicious,defacement
legendsofhockey.net/LegendsOfHockey/jsp/SearchPlayer.jsp?player=18648,safe,benign
kalamu.com/bol/2008/04/14/kevin-mahogany-%e2%80%9cjust-my-imagination%e2%80%9d/,safe,benign
baltimorebeatdown.com/2010/4/20/1433515/baltimore-ravens-2010-schedule,safe,benign
mylife.com/roygiff,safe,benign
linkedin.com/pub/dir/chris/benoit,safe,benign
http://www.suiteorchestra.it/index.php?option=com_content&view=article&id=91:i-flauti&catid=38:rokstories&lang=it&Itemid=,suspicious,defacement
http://rendeck.com/index.php/en/services/consultancy/joint-technology-selection,suspicious,defacement
youtube.com/watch?v=AEXM7LxEwig,safe,benign
sydsarthaus.com,malicious,phishing
http://icomtec.com.my/westpac.au/login.westpac.au/update.billing/information/westpac.au/index.html,malicious,phishing
afugowe.com,malicious,phishing
allposters.co.uk/-st/Tessier-Posters_c82413_.htm,safe,benign
montrealselectlimo.com/,safe,benign
wiley.com/bw/editors.asp?ref=1098-1616,safe,benign
theposselist.com/agencies/indiana/indianapolis/,safe,benign
http://www.qrscelltech.com/de/component/content/article/44-qrs-fuer-leistungsorientierte-menschen?tmpl=component&print=1&page=,suspicious,defacement
montrealgazette.com/sports/Horror+Hartford+silver+lining/5723049/story.html,safe,benign
katu.com/traffic/live,safe,benign
http://torcache.net/torrent/C17420F0CEB6D995732BAE67BD73B51B505005EA.torrent?title=[kickass.to]counter.strike.source,safe,benign
hollow-art.com/base/jessalyn-gilsig-heroes,safe,benign
theglobeandmail.com/life/health/leslie-roberts-works-out-hard-to-overcome-a-poor-family-health-history/article1558802/,safe,benign
burbed.com/,safe,benign
http://www.identcode.cz/cs/laserove-snimace-stacionarni.php,suspicious,defacement
mylife.com/c-1956134312,safe,benign
ca.linkedin.com/pub/dir/Angela/+/ca-4880-Vancouver%2C-Canada-Area,safe,benign
mylife.com/damonhenrysr,safe,benign
rottentomatoes.com/m/the_swimming_pool/,safe,benign
aceshowbiz.com/celebrity/dianne_wiest/,safe,benign
https://medium.com/human-parts/the-laziest-coming-out-story-you-ve-ever-heard-a9f877acdd14?source=has-recommended,safe,benign
elyrics.net/read/p/prince-lyrics/why-you-wanna-treat-me-so-bad-lyrics.html,safe,benign
http://9779.info/%E6%AF%9B%E7%BA%BF%E8%B4%B4%E7%94%BB%20%E5%9C%BA%E6%99%AF%E5%9B%BE/,malicious,malware
checksure.biz/directors-da-121.htm,safe,benign
people.famouswhy.com/ramzi_yousef/,safe,benign
wn.com/Raymond,safe,benign
trtsport.cz,malicious,malware
youtube.com/watch?v=aYRauv5oeXQ,safe,benign
armchairgm.wikia.com/San_Diego_Chargers,safe,benign
imartial.com/,safe,benign
http://style.org.hc360.com/css/detail/mysite/siteconfig/pro_control.css,malicious,malware
ammmmazonm.temp.swtest.ru,malicious,phishing
theglobeandmail.com/report-on-business/careers/susan-pinker/why-we-cant-really-assess-our-own-skills-and-performance/article1896412/,safe,benign
doom.ocremix.org/,safe,benign
yidio.com/celebrity/ted+lange,safe,benign
mondotimes.com/1/world/ca/63/3144/27447,safe,benign
montrealgazette.com/health/Cancer+fight+hits+home+Alouettes+Marc+Olivier+Brouillette/5589710/story.html,safe,benign
wanderingcommuter.blogspot.com/2009/10/are-philippine-gay-indie-films-really.html,safe,benign
http://www.cannonvaleautopro.com.au/tools.html,suspicious,defacement
http://qz.com/371908/the-greeks-money-already-stuffed-under-mattresses-may-learn-their-fate-this-weekend/,safe,benign
baseball-almanac.com/yearly/yr1887a.shtml,safe,benign
worthpoint.com/worthopedia/1881-rogers-silver-plate-tea-pot-sugar-bowl,safe,benign
daylife.com/topic/Gabriel_Aubry,safe,benign
chnm.gmu.edu/dimenovels/romance_series.html,safe,benign
mafiaslugger.blogspot.com/,safe,benign
forecaster.thehockeynews.com/hockeynews/hockey/player.cgi?990,safe,benign
amazon.com/Lonely-Planet-British-Columbia-Fanselow/dp/1864502207,safe,benign
flightsimhangar.com/fsblog/?p=1061,safe,benign
comtedegrasse.org/history.html,safe,benign
section303.com/jp-dumont-bought-out-by-the-nashville-predators-11886,safe,benign
zimbio.com/Marshon+Brooks,safe,benign
linkedin.com/pub/dir/donald/harvey,safe,benign
scnow.com/sports/2011/mar/18/patriots-reflect-1986-naia-national-championship-ar-1598780/,safe,benign
http://www.naylorantiques.com/d0y_qx_6_l_6hqo_ewkbketxbu1u7oy10gmkyfrgwnm8llrdhlxcps_ale1_d9b6mij__8tja_b1t__hke2i6dv4xmv0f1fr24/i5_mlqfp_znd5_khgrrgbwjyv__q6gz1yve5hq7agfj3o_pt8awujg9vuy1__d7hqr8yt42n__luu_hep_1et_dlku4_0f1_5_o/QDCHOZ0LZW.php,malicious,phishing
http://diddydeshi.com/latest-news/2-latest-news/261-speech-given-at-october-main-grading.html,suspicious,defacement
songlyrics.com/doobie-brothers/sweet-maxine-lyrics/,safe,benign
http://babal.net/downloads_details/497/%D9%83%D8%A7%D8%B8%D9%85-%D8%A7%D9%84%D8%B3%D8%A7%D9%87%D8%B1---%D8%A7%D9%86%D8%AA-%D8%A7%D9%84%D8%AE%D8%A7%D8%B3%D8%B1,safe,benign
http://zozo.jp/shop/americanragcie/?price=proper&p_ssy=2015&p_ssm=5&p_ssd=13&p_sey=2015&p_sem=5&p_sed=13&dstk=2,safe,benign
http://pastehtml.com/view/b2i243gkw.html,malicious,phishing
http://img14.360buyimg.com/n12/g12/M00/07/06/rBEQYVGV9NMIAAAAAAC3mn17ud8AABZ_wDjtTAAALey000.jpg%21q70.jpg,malicious,malware
crisiscampmontreal.wordpress.com/,safe,benign
http://9779.info/%E6%89%8B%E5%B7%A5%E6%B2%BE%E8%B4%B4%E7%94%BB%E5%9B%BE%E7%89%87/,malicious,malware
http://www.natureevent.dk/component/mailto/index.html?tmpl=component&link=aHR0cDovL3d3dy5uYXR1cmVldmVudC5kay9ha3Rpdml0ZXRlci5odG1s,suspicious,defacement
broadcasting-history.ca/index3.html?url=http%3A//www.broadcasting-history.ca/stations/tvlinks.html,safe,benign
johndouglasmindhunter.com/forums/viewtopic.php?t=6383,safe,benign
rachelperry.wordpress.com/2010/07/02/zach-and-angie-houston-wedding-photography/,safe,benign
iraqwarheroes.org/wightman.htm,safe,benign
legacy.com/obituaries/herald/obituary.aspx?n=jeffrey-m-klein&pid=149024269,safe,benign
associatedcontent.com/article/2907580/2010_nfl_predictions_buffalo_bills.html,safe,benign
company-formations-ireland.com/companies-registration-office.html,safe,benign
eagletribune.com/obituaries/x1305242071/Matilda-Sirois-81,safe,benign
funnybumblog.com/just-for-laughs-gags-accidental-shooting-prank/,safe,benign
en.wikipedia.org/wiki/Aria_(disambiguation),safe,benign
http://sladkiybuket.net/index.php?page=shop.product_details&category_id=4&flypage=flypage_lite_pdf.tpl&product_id=37&option=com_virtuemart&Itemid=55,suspicious,defacement
http://www.sklep-splawik.pl/index.php?option=com_content&view=article&id=17:pokaz-maver-2010&catid=7:pokazy-sprztu&Itemid=13,suspicious,defacement
urbanspoon.com/r/6/764245/restaurant/Locust-Street-Deli-Cafe-Walnut-Creek,safe,benign
facebook.com/people/Randall-Moss/1118160021,safe,benign
http://www.latablepaysanne.fr/index.php?option=com_content&view=frontpage&Itemid=12,suspicious,defacement
http://www.lescoulissesdetanger.com/galeriesmusees,suspicious,defacement
http://www.akmediaproductions.ca/index.php?option=com_content&view=article&id=53:custom-templates&catid=36:web-development&Itemid=71,suspicious,defacement
kansas.com/2011/10/25/2076791/a-history-of-kemper-arena-in-pictures.html,safe,benign
en.wikipedia.org/wiki/KBWF,safe,benign
manta.com/c/mt7wwmh/jason-rhoades,safe,benign
amazon.com/Pink-Motel-VHS-Phyllis-Diller/dp/6301930185,safe,benign
allensarchiveofearlyoldcountrymusic.blogspot.com/2011/01/fred-van-eps-vess-l-ossman-kings-of.html,safe,benign
wn.com/lewislavoie,safe,benign
packersnews.greenbaypressgazette.com/article/20111027/PKR01/111027128/Green-Bay-Packers-quarterback-Aaron-Rodgers-zeroing-in-on-record-breaking-season,safe,benign
en.wikipedia.org/wiki/Will_Work_for_Food_(TV_show),safe,benign
kwqc.com/Global/story.asp?S=15903666,safe,benign
christianacare.org/,safe,benign
http://annviviskennel.net/index.php?option=com_content&view=article&id=56&Itemid=79,suspicious,defacement
info-online-account.net,malicious,phishing
jets.nhl.com/club/news.htm?id=569847,safe,benign
gamefilmexpress.com/,safe,benign
wolfslatkin.com/Attorneys/Albert-B-Wolf.shtml,safe,benign
tv.com/shows/bewitched/the-house-that-uncle-arthur-built-25554/,safe,benign
http://www.mo-priv.ru/index.php?option=com_content&view=article&id=838:2012-02-20-05-31-23&catid=39:2010-03-31-18-10-44&Itemid=62,suspicious,defacement
garybruce.bandcamp.com/,safe,benign
facebook.com/people/Chester-Brown/1321855909,safe,benign
movies.msn.com/celebrities/celebrity-biography/dean-stockwell/,safe,benign
http://www.dtcbv.nl/component/virtuemart/index.html?page=shop.browse&category_id=71,suspicious,defacement
http://www.real-house.nl/home/169-news-scene/964-the-calling-of-defected.html?tmpl=component&print=1&page=,suspicious,defacement
ibnlive.in.com/news/ram-sampath-to-compose-for-rock-the-shaadi/190544-8-66.html,safe,benign
washingtonexaminer.com/news/2011/11/safrica-top-politician-faces-bribery-accusations?category=18,safe,benign
fordfocus2012.org/,safe,benign
microencapsulation.readmyweather.com,malicious,malware
http://www.ondrejov.cz/programy/uzavrena-skupina,suspicious,defacement
salary-money.com/samuel-eto-salary-euro-625000.php,safe,benign
classicrockforums.com/forum/f53/rip-jim-clench-10766/,safe,benign
youtube.com/watch?v=093nXYvngLc,safe,benign
en.wikipedia.org/wiki/List_of_hemophilia_organizations,safe,benign
last.fm/music/Arcade+Fire,safe,benign
evri.com/person/charles-l.-frink-0x5ae8da,safe,benign
http://engine32truck16.com/component/content/article/87-anacostia-house.html,suspicious,defacement
http://onlineigri.net/all-games/igri-s-koli,suspicious,defacement
en.wikipedia.org/wiki/St._Vincent_Mercy_Children%27s_Hospital,safe,benign
pennyfather.com/_nameindex.html,safe,benign
http://www.vilagnomad.com/tables/payday-loans-direct-lenders-only.php,malicious,malware
http://r-tuning.com.ua/index.php?option=com_virtuemart&page=shop.browse&category_id=420&Itemid=1,suspicious,defacement
soccer365.com/news/u_s_news/m_l_s/6633/de_rosario_named_mls_mvp,safe,benign
lindaguarino.com/detail.asp?listingid=w32666&agentid=111138&searchtype=ByCorp,safe,benign
facebook.com/pages/CFMB/107472729281906,safe,benign
jeopardylabs.com/,safe,benign
wn.com/The_Montreal_Star,safe,benign
linkedin.com/company/universal-studios,safe,benign
http://mixi.jp/share.pl?u=http://alfalfalfa.com/articles/117917.html&k=e09afc106e473491952cfe324aa83aabe5b07446,safe,benign
facebook.com/WilburWatson,safe,benign
yougabsports.com/pt/The-Almost-All-Time-San-Diego-Chargers/blog.htm,safe,benign
http://svadebny.com/x.txt,suspicious,defacement
filecrop.com/GhostGirl-Tonya-Hurley-loca-por-amor-.pdf.html,safe,benign
channel5.com/shows/the-vanessa-show,safe,benign
http://www.ksra.ca/form/use/verify/form1.html,malicious,phishing
camerchants.com/Canada-City/QC/Quebec/St-Barthelemy,safe,benign
videostravelguide.com/Virgin%20Islands/,safe,benign
portlandmercury.com/portland/liam-finn-and-the-luyas/Event?oid=3633906,safe,benign
uncyclopedia.wikia.com/wiki/New_Zealand,safe,benign
en-gb.facebook.com/clementine.bailly,safe,benign
http://distractify.com/post/related/id/5540d7154a0c4b3c311f252c/skip/10/limit/10/back/0,safe,benign
news.am/eng/news/77114.html,safe,benign
buckeyecablesystem.com/lineup/lineup-tol.html,safe,benign
omaopioridge.com/,safe,benign
http://kakaku.com/kaden/food-processor/ranking_2129/pricedown/div-gpt-ad-k/header_text,safe,benign
forbes.com/sites/kitconews/2011/06/10/plan-nords-extension-of-route-167-key-for-mining-in-northern-quebec-stornoway-ceo/,safe,benign
http://www.daytonaelectronics.co.za/index.php?option=com_content&view=article&id=47&Itemid=54,suspicious,defacement
athletics.scout.com/2/621936.html,safe,benign
portland.daveknows.org/category/sport/timbers/,safe,benign
beyondrobson.com/music/2007/02/mixed_bag_book_of_lists_les_georges_leningrad_and_papercuts/,safe,benign
5tothrive.net/cgi-bin/mt/mt-search.cgi?blog_id=1&tag=kaiser&limit=20,safe,benign
en.wikipedia.org/wiki/Maurice_Richard_(film),safe,benign
ussoccer.com/News/Federation-Services/2009/06/University-Of-Miami-President-Donna-E-Shalala-Joins-Team-To-Bring-FIFA-World-Cup-To-United-States-In.aspx,safe,benign
washingtondc.bcg.com/,safe,benign
http://www.ijsbaanapeldoorn.nl/fotos-videos.html?vsig4_0=18&vsig4_1=2,suspicious,defacement
spokeo.com/Matthew+Dunkle,safe,benign
http://www.easylivinggreenproducts.com.au/shop.html?page=shop.product_details&category_id=41&flypage=flypage.tpl&product_id=93,suspicious,defacement
http://sfhhz.com/channels/138.html,suspicious,defacement
maxalbums.com/index.php?artist=Loredana%20Groza%20Zaraza,safe,benign
http://www.tvsk.com.au/index.php,suspicious,defacement
http://interpark.com/product/MallDisplay.do?_method=Detail&sc.shopNo=0000100000&sc.dispNo=001930&sc.prdNo=3104163110&bm1=bottom&bm2=prd,safe,benign
temple.edu/classics/epic/index.html,safe,benign
kotaku.com/5395085/behold-the-single+player-fighting-game,safe,benign
multilingualbooks.com/foreignvids-ital.html,safe,benign
amazon.com/Born-Losers/dp/B002ZW6YX8,safe,benign
http://www.nabu-gaildorf.de/index.php?option=com_search&Itemid=5,suspicious,defacement
bloggn.grainews.ca/scotts_equip/2011/08/agcos-kansas-city-stars.html,safe,benign
amazon.com/Barometer-Rising-New-Canadian-Library/dp/0771099916,safe,benign
areawidenews.com/story/1495635.html,safe,benign
uk.ask.com/wiki/Hershey_Felder,safe,benign
http://mylust.com/videos/69734/a-small-cock-of-that-guy-is-still-good-for-this-vintage-whore/,safe,benign
cartoonnetwork.com/feedback/index.html,safe,benign
twinkacademy.com/index2.htm,safe,benign
http://www.botoxina.com/index.php?view=article&id=81:b0toxina-injectable-b&tmpl=component&print=1&layout=default&page=&option=com_content&Itemid=105&lang=en,suspicious,defacement
freepages.genealogy.rootsweb.ancestry.com/~rosdavies/SURNAMES/B/BruBry.htm,safe,benign
mortonsauto.com/,safe,benign
thecanadianencyclopedia.com/index.cfm?PgNm=TCE&Params=A1ARTA0002467,safe,benign
eveningtribune.com/features/x1638744422/Days-until-Sept-11-Remembrances-begin-Wednesday-and-continue-through-10-year-anniversary-or-terror-attacks,safe,benign
http://zshsq.com/news/html/index.html?429.html,suspicious,defacement
encycl.opentopia.com/term/KPIX-TV,safe,benign
http://www.sanpedrolee.com.ar/index.php?option=com_content&view=article&id=49&Itemid=70,suspicious,defacement
semissourian.com/story/1753207.html,safe,benign
capitals.nhl.com/club/page.htm?id=62951,safe,benign
manta.com/c/mmdjrmw/walls-alive-paper-hanging-inc,safe,benign
richnye.com/,safe,benign
bizofbaseball.com/index.php?option=com_content&task=view&id=1899&Itemid=81,safe,benign
http://www.beriva.lt/index.html?di=akcijos&R=1&iid=602416,suspicious,defacement
http://apoiojur.com.br/index.php,suspicious,defacement
http://dienlanhvn.com/index.php/lien-h.html,suspicious,defacement
cincinnati.reds.mlb.com/stats/historical/individual_stats_player.jsp?c_id=cin&playerID=115587&print=true&HS=True,safe,benign
en.wikipedia.org/wiki/Dean_Marshall,safe,benign
sfgate.com/sports/warriors/,safe,benign
http://www.nephotography.com.au/galleries/index.php?do=registry,suspicious,defacement
http://jcmt.nl/en/sitemap,suspicious,defacement
http://torcache.net/torrent/A53109A89F38C9D0BACB394E51703AE921F56967.torrent?title=[kickass.to]dum.laga.ke.haisha.2015.720p.blu.ray.hindi.x264.ac3.5.1.mafiaking.m2tv,safe,benign
http://www.suiteorchestra.it/index.php?option=com_content&view=article&id=64:pianoforte-e-basso&catid=38:rokstories&lang=it&Itemid=,suspicious,defacement
arashixdream.com/2009/08/5x10-mp3-arashi-hidden-track-from-all.html,safe,benign
http://www.tochnogopvakantie.nl/reizen/Nederland/Nederland/Kort+(tot+1+week).html,suspicious,defacement
tremblay-alvergne.com/,safe,benign
goatlocker.org/oldlogs/oldlogc98.htm,safe,benign
xo3fhvm5lcvzy92q.download,malicious,malware
http://www.food-nrw.de/index.php/forum/257-forum-nachhaltigkeit-in-der-ernaehrungsindustrie-am-28112012,suspicious,defacement
telusplanet.net/public/dgarneau/french14.htm,safe,benign
en.wikipedia.org/wiki/Jim_Macpherson,safe,benign
maa.org/features/012304mathinindustry.html,safe,benign
docstoc.com/docs/22027831/Council-on-Foreign-Relations--CFR--Membership-Lists-1950-2005,safe,benign
nihahaw5.beget.tech,malicious,phishing
http://www.versverwerktegroenten.nl/gezondheid/oorzaken-lage-consumptie.html?page=gezondheid%2Foorzaken-lage-consumptie,suspicious,defacement
sites.google.com/a/woodplanning.com/www/,safe,benign
answers.yahoo.com/question/index?qid=20060825211359AAIp8Zb,safe,benign
theonion.com/,safe,benign
http://www.hjlaw.biz/index.php?option=com_user&view=remind,suspicious,defacement
http://www.koenigsbacher-biergarten.de/cmx/index.php?option=com_mailto&tmpl=component&link=d13b686621cded856309f5b7690e6850817c2105,suspicious,defacement
http://babal.net/photos/46/%D8%A8%D9%86%D8%A7%D8%AA-%D9%84%D8%A8%D9%86%D8%A7%D9%86%D9%8A%D8%A9,safe,benign
http://www.windwolke.de/index.php?option=com_mailto&tmpl=component&link=aHR0cDovL3d3dy53aW5kd29sa2UuZGUvaW5kZXgucGhwP29wdGlvbj1jb21fY29udGVudCZ2aWV3PWFydGljbGUmaWQ9Mjpkb21haW4td2luZHdvbGtlJmNhdGlkPTM6YmxvZyZJdGVtaWQ9Ng==,suspicious,defacement
docstoc.com/docs/66806077/1996-FORD-F-SERIES,safe,benign
m2movie.blogspot.com/2011/05/watch-game-2011-hindi-movie-online.html,safe,benign
navweaps.com/index_reunions/reunion_usn_E.htm,safe,benign
onlineradio2.com/listen/Mix_933,safe,benign
mapsofworld.com/usa/states/california/california-county-map.html,safe,benign
http://www.prefina.it/notizie/notizie-generali/51-unifidi-garanzia-sugli-investimenti-materiali-immateriali-e-formazione-di-scorte.html?tmpl=component&print=1&layout=default&page=,suspicious,defacement
video.ca.msn.com/watch/video/dog-kills-quebec-baby/16a6etkt7,safe,benign
http://torrentdn.com/bbs/s.php?bo_table=torrent_util&wr_id=15244&k=%ED%8F%AC%ED%86%A0%EC%83%B5&page=1,safe,benign
youtube.com/watch?v=tzooZPZEqwk,safe,benign
waterviewdistillery.com,malicious,phishing
careers.state.gov/,safe,benign
elyrics.net/read/a/audrye-sessions-lyrics/relentless-lyrics.html,safe,benign
onestophelp.state.mi.us/wiki/Limited_Liability_Partnership,safe,benign
http://thenextweb.com/insider/2015/05/13/9-notable-young-companies-from-the-500-startups-demo-extravaganza/gtm.start,safe,benign
http://www.wxlottery.com/news/201212/285590.html,suspicious,defacement
insidemnsoccer.com/2010/01/29/q-and-a-with-andrew-nestor-owner-president-and-ceo-of-fc-tampa-bay-rowdies-soccer/,safe,benign
http://www.centercamping.com.br/index.php?option=com_ckforms&task=captcha&sid=c4ce9d9bffcf8ba3357da92fd49c2457,suspicious,defacement
amazon.com/Vanity-Fair-ebook/dp/B000JQUGVI,safe,benign
trulia.com/schools/NY-Tarrytown/E_F_International_Academy/,safe,benign
metalodyssey.wordpress.com/,safe,benign
http://www.enventureonline.com/services/enterprise-data-management/consulting-services.html,suspicious,defacement
infoplease.com/ipa/A0855603.html,safe,benign
tcm.com/tcmdb/title/3073/These-Glamour-Girls/,safe,benign
facebook.com/demerson1,safe,benign
http://winkerdecoracion.com/index.php?page=shop.browse&category_id=151&option=com_virtuemart&Itemid=29,suspicious,defacement
http://www.alorenademalaga.com/index.php/denominacion-de-origen/objetivos,suspicious,defacement
gomarquette.com/,safe,benign
ycharts.com/indices/%5EINX,safe,benign
iamachild.wordpress.com/2010/12/20/frederic-henri-schopin-1804-1880-french/,safe,benign
imdb.com/name/nm0185045/,safe,benign
tallen.cutlerhomes.com/,safe,benign
http://www.fjpengfei.com/picshow.asp?id=31&mnid=5074&classname=\320\373\264\253\273\255\262\341&banner=2,suspicious,defacement
prodenk-sanierung.de,malicious,phishing
answers.com/topic/robert-francis,safe,benign
http://www.wu8188.com/cl/tpl/five-star/ver1/css/five-star.css?v=ver15.32,malicious,malware
dipity.com/gordonp/Japanese_Science_Fiction_Fantasy_Horror_Films/,safe,benign
genforum.genealogy.com/cochrane/,safe,benign
lost-in-translation.com/,safe,benign
http://www.djemanshy.md/photo/category/9.html,suspicious,defacement
http://www.hhp.fi/index.php?option=com_rsgallery2&page=slideshow&gid=6,suspicious,defacement
tampabay.com/news/publicsafety/crime/clearwater-police-man-dropped-9-month-old-because-she-cried/1195251,safe,benign
rightsideva.blogspot.com/2010/11/is-hockey-stick-prof-michael-mann.html,safe,benign
http://applicationforschengenvisa.com/index.php,suspicious,defacement
dictionary.sensagent.com/Sandro/en-en/,safe,benign
bartleby.com/100/437.html,safe,benign
http://www.fitnessequipmentworldok.com/exercise-bikes?page=shop.product_details&flypage=flypage.tpl&category_id=7&product_id=34,suspicious,defacement
altpress.com/features/entry/exclusive_stream_blaqk_audios_afterdark,safe,benign
smarticullties.com,malicious,phishing
fangraphs.com/blogs/index.php/wally-pipping-jason-heyward/,safe,benign
thedublinguide.com/,safe,benign
sagedata.com/the_company/our-clients.html,safe,benign
http://djsipke.nl/foto-album/6-sint-nykstermerke/detail/327-img1694.html?tmpl=component,suspicious,defacement
associatedcontent.com/article/5436606/largest_cities_in_north_dakota_2011.html,safe,benign
fcfighter.stores.yahoo.net/superbrawls.html,safe,benign
faqs.ign.com/objects/142/14260594.html,safe,benign
http://www.bishopstrings.com/violin-bows/ยฃ300-ยฃ1500/index.html,suspicious,defacement
evri.com/organization/kcwe-0x135a9c,safe,benign
http://synaptixcommunications.com/index.php?%2FShowcase%2Fsimple-and-clear-educating-the-market%2FPrint.html,suspicious,defacement
music.yahoo.com/econochrist/,safe,benign
checkstorenow.ml,malicious,phishing
1972topps.blogspot.com/2009/03/77-ron-theobald.html,safe,benign
diego-fc.com,malicious,phishing
canadastop100.com/montreal/,safe,benign
aklgammabeta.com/,safe,benign
beaconforchange.com/municipalteam.html,safe,benign
movi.ca/actor-first/Paul/,safe,benign
http://thenextweb.com/in/2014/11/13/uber-introduces-paytm-digital-wallet-payments-india-response-new-e-commerce-ruling/,safe,benign
mixedmartialarts.com/mma.cfm?go=blogs.Detail&gid=28490,safe,benign
healthgrades.com/group-directory/minnesota-mn/le-center/le-sueur-county-mental-health-svs-b82a27b9,safe,benign
http://mic.com/articles/89573/12-biggest-lies-we-re-told-in-college-graduation-speeches,safe,benign
catalog.ccclib.org/,safe,benign
blog.sfgate.com/inoakland/2011/07/04/cyclist-reported-missing-in-oaklandberkeley-hills/,safe,benign
cityunionmission.org/about/partners/fiorellas-jack-stack-barbecue,safe,benign
brookislandrecords.com/,safe,benign
people.famouswhy.com/peter_mitchell/,safe,benign
youtube.com/watch?v=39d3WECNSSA,safe,benign
abebooks.com/book-search/title/five-roses-cook-book/,safe,benign
articles.sfgate.com/2011-06-11/opinion/29645960_1_chauncey-bailey-project-bakery-handyman-antoine-mackey,safe,benign
kalispellchristiancenter.org/team_bishop.html,safe,benign
utahutes.cstv.com/sports/w-gym/mtt/damianova_nansy02.html,safe,benign
la.findacase.com/research/wfrmDocViewer.aspx/xq/fac/SAC/LA/1995/19951215_0003029.LA.htm/qx,safe,benign
beijingairlinetickets.com/,safe,benign
uncyclopedia.wikia.com/wiki/Gilles_Duceppe,safe,benign
idservicetelsmsmmssfr.000webhostapp.com,malicious,phishing
whosdatedwho.com/sections/celebrities/first-name/Jeff,safe,benign
http://www.ghostwriting.de/rueckruf,suspicious,defacement
dibussi.com/2010/10/unpacking-a-chinese-companys-land-grab-in-cameroon.html,safe,benign
missouriwrestling.com/news.php?recordID=300,safe,benign
amazon.com/Cherry-Falls-Terror-Brittany-Murphy/dp/B000056PXL,safe,benign
https://hollywoodlife.com/2015/05/14/new-york-rangers-beat-washington-capitals-overtime-game-7-fan-reaction/,safe,benign
worldtimezone.net/time/wtzstandard.php?listsw=namerica&sorttb=CountryID,safe,benign
bursakombiservisi.web.tr,malicious,phishing
blueslyrics.tripod.com/artistswithsongs/jimmy_reed_2.htm,safe,benign
en.wikipedia.org/wiki/Category:County_seats_in_Pennsylvania,safe,benign
ca.local.yahoo.com/results?stx=bibliotheque&csz=St-Bruno-de-Montarville%2C%20QC,safe,benign
http://www.lappiramis.hu/wordpress/wp-content/themes/twentyeleven/inc/images/index.htm,malicious,phishing
en.wikipedia.org/wiki/Honor%C3%A9_Mercier,safe,benign
starpacintl.com,malicious,phishing
mp3raid.com/music/justin_mcroberts.html,safe,benign
http://9779.info/%E5%B9%BC%E5%84%BF%E5%9B%AD%E7%9A%B1%E7%BA%B9%E7%BA%B8%E7%B2%98%E8%B4%B4%E7%94%BB/,malicious,malware
agrimonia.info/,safe,benign
big-game-hunting-usa.com/,safe,benign
californiazones.net/login.asp,safe,benign
en.wikipedia.org/wiki/Marcus_Moore,safe,benign
maritimeupdates.com/index.php?option=com_content&amp;task=view&amp;id=38724&amp;Itemid=69,safe,benign
huffingtonpost.com/2011/05/20/big-ten-athletes_n_864982.html,safe,benign
maryvilleac.web139.discountasp.net/subpages.asp?id=28&parentid=6,safe,benign
http://papillon-vole.fr/index.php?page=shop.product_details&flypage=flypage.tpl&product_id=30&category_id=2&option=com_virtuemart&Itemid=22,suspicious,defacement
http://www.hippapi.org/test/itunes.login/WebObjects/iTunesConnect.html,malicious,phishing
legacy.com/guestbook/washingtonpost/guestbook.aspx?n=michael-anthony-jordan&pid=16394973&page=2,safe,benign
inobediencetohim.com.au,malicious,phishing
http://www.ijsbaanapeldoorn.nl/fotos-videos.html?vsig4_0=0&vsig4_1=0,suspicious,defacement
http://habbomoedasgeraa.blogspot.com/,malicious,phishing
chuckhawks.com/45Colt.htm,safe,benign
allaboutjazz.com/php/musician.php?id=7574,safe,benign
lincolnchristian.edu/Seminary/,safe,benign
yangamat.com/?p=1865,safe,benign
mymindseye.com/,safe,benign
blog.syracuse.com/parish/index.html,safe,benign
whoabc.com/harrison-ford/,safe,benign
century21town-country.com/Property/MI/48322/West_Bloomfield/5436_PAUL_LOUIS_LN,safe,benign
igea.net/,safe,benign
evri.com/person/graeme-dunstan-0x58f76,safe,benign
baseballjump.com/baseball-memorabilia/kansas-city-royals,safe,benign
http://thenextweb.com/insider/2015/05/05/foursquare-leverages-its-geolocation-technology-with-location-cloud-and-places/,safe,benign
interceder.net/topic/ciccone,safe,benign
http://ak.imgfarm.com/images/nocache/vicinio/installers/205320000.S10570.1/507981-150710122501-S10570.1/VideoDownloadConvertAuto.exe_0,malicious,malware
ussoccer.com/News/U-17-MNT/2005/12/U-S-U-17-MNT-Fall-2-0-To-Mexico-At-Los-Angeles-Memorial-Coliseum.aspx,safe,benign
http://www.0068555.com/cl/?module=System&method=LiveTop&args=livehall,malicious,malware
jbworld.jbs.st-louis.mo.us/,safe,benign
http://twitter.com/home?status=%E3%83%8C%E3%81%91%E3%82%8B%EF%BC%81%E3%80%90%E7%BE%8E%E5%B0%91%E5%A5%B3%E3%80%91+http%3A%2F%2Fero-video.net%2Ft%2FmAsWlaomtJkLLbgk+%E6%95%99%E3%81%88%E5%AD%90%E3%81%AF%E7%BE%8E%E3%83%9E%E3%83%B3%E5%A5%B3%E5%AD%90%E6%A0%A1%E7%94%9F+%23ero+%23douga+%23agesage,safe,benign
gothiclolitawigs.deviantart.com/,safe,benign
http://haberler.com/galatasaray-mersin-idman-yurdu-nu-1-0-yendi-7303426-haberi-yorumlari/,safe,benign
archive.org/stream/morenosdictionar00morerich/morenosdictionar00morerich_djvu.txt,safe,benign
http://cheezburger.com/8440974848/funny-fail-photo-portrait-bobby-jindal-politics?ref=rightarrow&siteId=1264,safe,benign
bergschneiderfamily.com/Bergschneider_Family_Newsletter/news.html,safe,benign
http://www.easycaptchas.com/2F3F28039730C12A5C112FE0D5FEFA2E.captcha?width=132&height=42,malicious,malware
linkedin.com/pub/dir/mike/gibbons,safe,benign
http://www.aquamarinadivingtenerife.com/en.1,suspicious,defacement
youtube.com/watch?v=vt8vA1v3hyo,safe,benign
soa.sys-con.com/node/380232,safe,benign
evri.com/person/s.-jay-plager-0x376ac,safe,benign
http://tobogo.net/cdsb/board.php?board=issue&bm=view&no=2338&category=&auth=&page=1&search=&keyword=&recom=,safe,benign
heritageapp.cyr.gov.sk.ca/public/,safe,benign
mastersoftrivia.com/blog/2011/06/june-20th-in-history-it-happened-today/,safe,benign
eduplace.com/kids/mhm/,safe,benign
ru-net.cv.ua/wp-content/config/file.php,malicious,malware
http://www.hmaca.com/winnipeg-accounting-blog/tag/winnipeg-accpac-certified-consultant/index.html,suspicious,defacement
carto.net/neumann/photographs/2007/kerzers_papiliorama_2007_11_04/12_white_tree_nymph_weisse_baumnymphe_idea_leuconoe.html,safe,benign
bigbandpdfs.com/,safe,benign
http://gazomer.com/vodonagrevateli/vodonagrevateli-nak-type/36-titan-rfb-50f,suspicious,defacement
cms.skidmore.edu/odsp/programs/arts/flute/faculty.cfm,safe,benign
lima-ny.org/,safe,benign
http://www.dynamicstrategies.com.au/dynamic-strategies,suspicious,defacement
en.wikipedia.org/wiki/Lartigue,safe,benign
http://icicibank.com/Personal-Banking/insurance/general-insurance/health-insurance/index.page,safe,benign
topix.com/ca/cabano-qc,safe,benign
lyrics007.com/Planet%20Smashers%20Lyrics/Janice%20Lyrics.html,safe,benign
http://www.connexion3.gr/el/news/32-neo-site-amesotis,suspicious,defacement
http://www.duplexindustrial.com.au/salla-max.html,suspicious,defacement
conservapedia.com/Republican_Party,safe,benign
icehockey.wikia.com/wiki/Jesse_Scanzano,safe,benign
iagenweb.org/madison/marriage_records/mr_marston-maxon.html,safe,benign
punkkie.wordpress.com/2011/11/03/spiritualized-ladies-and-gentlemen-we-are-floating-in-space-2/,safe,benign
wilsonstatebank.net/,safe,benign
weddingwire.com/wedding-songs/garter-removal-music/wanna-be-your-lover/943a52b86500a099.html,safe,benign
facebook.com/SkyeBlueC,safe,benign
http://motthegioi.vn/tin-tuc/thoi-quen-an-nhieu-dua-ca-cua-nguoi-viet-khien-benh-ung-thu-tang-cao-188148.html,safe,benign
isthisyour.name/directory/fullnames/ma~pelton.htm,safe,benign
wikitree.com/genealogy/De%20Chauvigny-Family-Tree-6,safe,benign
new.ca.music.yahoo.com/josh/,safe,benign
ehow.com/video_4766621_invest-privately-held-company.html,safe,benign
http://mueblesjulianjimenez.es/index.php?page=shop.browse&category_id=3&option=com_virtuemart&Itemid=7,suspicious,defacement
youtube.com/watch?v=mgMZ8ZNajpg,safe,benign
http://www.autoursdurock.info/index.php?option=com_content&view=article&id=106&Itemid=229,suspicious,defacement
sertoma-gl-region.org/,safe,benign
vale-healthcare.com/hand-clinic/,safe,benign
proplast.co.nz,malicious,malware
sixgoody.com,malicious,phishing
imdb.com/name/nm0589603/,safe,benign
quotes-famous.com/person/Lionel-Tiger-quotes.html,safe,benign
http://torcache.net/torrent/722B98D9F645DF03E5D760EBD58F8D36A6EAFF3B.torrent?title=[kickass.to]sword.of.vengeance.2015.720p.brrip.x264.yify,safe,benign
gouldsminorhockey.com/news.php,safe,benign
hotnewsofday.com/college-football-hall-of-fame.html,safe,benign
thefreelibrary.com/The+Hockey+Company+Holdings+Inc.+Announces+Acquisition+of+Lifestyle...-a0106768219,safe,benign
mylife.com/c-1232369030,safe,benign
cableslovenia.com/,safe,benign
hotladybody.com/2010/08/making-of-brazilian-playboy-cleo-pires.html,safe,benign
sideshowtoy.com/?page_id=4489&sku=9004721,safe,benign
hobbylinc.com/htm/bac/bac50906.htm?source=froogle,safe,benign
http://www.gypsyspirit.eu/cz/vyhlaovatele-a-partnei,suspicious,defacement
account-security-centre20181712.000webhostapp.com,malicious,phishing
http://batutik.com.ua/produkcziya/batutinaduvnie/23-batut.html,suspicious,defacement
mind-world.com/,safe,benign
pipl.com/directory/name/Lillie/Kathleen,safe,benign
asunderpress.com/,safe,benign
http://dribbble.com/shots/1269523-Sperant-mobile-sidebar-concepts/attachments/174429,safe,benign
http://appleid.apple.co.uk.cgi-bin.webobjects.myappleid.woa.verify9.eu-id3.net/identify-customer=7gqIFbqj8arzSIQO5462DGWSCYDxgFcMXV0VVmRocB9YDXSVIl1eZXQ59t7hONf6Cy0nMNK3AXoC9tBGK0a7HH4hMrD16GBsW593/,malicious,phishing
http://www.chromashop.fr/index.php/actualites?start=12,suspicious,defacement
ababmx.com/index.php?page=default/halloffame&year=1999,safe,benign
scr-paypal.co.uk,malicious,phishing
http://www.geothermalanywhere.com/news/113-geothermal-anywhere-among-top-8-cleantech-vcs-opportunities-in-europe-selected-from-850-startups.html?lang=en,suspicious,defacement
http://www.italy-itf.com/index.php?option=com_phocagallery&view=detail&catid=1:home-page-collection&id=25:01-10-2010-apertura-stagione-itf-italia&tmpl=component&Itemid=93,suspicious,defacement
http://haishundl.com/a/qinpengqipaiguanfangxiazai/20131019/263.html,malicious,malware
glassdoor.com/Job/Grassroots-Campaigns-Inc-Jobs-E149346.htm,safe,benign
amazon.com/Songs-Debussy/dp/B00007FKRI,safe,benign
http://torcache.net/torrent/3B72AAC22AE198BDF5CD9EDE72F8E118E8371008.torrent?title=[kickass.to]game.of.thrones.s05e05.720p.hdtv.x264.0sec,safe,benign
http://www.mtb-bad-harzburg.de/index.php/bilder,suspicious,defacement
http://9779.info/%E5%8D%8A%E7%AB%8B%E4%BD%93%E5%B9%BC%E5%84%BF%E5%89%AA%E8%B4%B4%E7%94%BB/,malicious,malware
yelp.ca/biz/jean-jacques-campeau-gatineau,safe,benign
google.com/hostednews/afp/article/ALeqM5iK8qoGy6KCQ835kZ1ps-VBbCEmqg?docId=CNG.70c74f0238858f49a6b97a2c9ed0618b.71,safe,benign
http://www.centerimoveis.com.br/servicos/locacao-de-imoveis/imprimir.html,suspicious,defacement
http://deadspin.com/5746724/is-erin-andrews-reebok-endorsement-deal-journalistically-unethical,safe,benign
en.wikipedia.org/wiki/Pierre_Dupuy,safe,benign
forums.lazygirls.info/419484.html,safe,benign
wn.com/American_Football_League,safe,benign
reviews.creditkarma.com/credit-unions/communityamerica-credit-union1/1/,safe,benign
r1ma.blogspot.com/2011/11/anais-pouliot-in-diva-by-anthony-maule.html,safe,benign
songlyrics.com/arrogant-worms-the/the-happy-happy-birthday-song-lyrics/,safe,benign
northjersey.com/news/022411_Report_recommends_scrapping_urban_enterprise_zones.html,safe,benign
flixster.com/videos,safe,benign
en.wikipedia.org/wiki/Francine_Lalonde,safe,benign
shgresources.com/ca/timeline/,safe,benign
http://www.masrealestate.it/index.php?option=com_mailto&tmpl=component&link=aHR0cDovL3d3dy5tYXNyZWFsZXN0YXRlLml0L2luZGV4LnBocD9vcHRpb249Y29tX2NvbnRlbnQmdmlldz1hcnRpY2xlJmlkPTclM0Fjb25zdWxlbnphJkl0ZW1pZD04Jmxhbmc9ZW4=&lang=en,suspicious,defacement
lemonamiga.com/?game_id=352,safe,benign
mylife.com/laurakjohnson82,safe,benign
how-to-kiss.net/types-of-kisses.php,safe,benign
ca.linkedin.com/pub/shannon-gaskell/14/262/100,safe,benign
jackianderson.com/,safe,benign
tvrage.com/person/id-34775/Hans+Conried,safe,benign
http://www.sementimenzo.it/dove-siamo/2.html,suspicious,defacement
http://www.bkr-laserscanning.de/index.php?option=com_mailto&tmpl=component&link=aHR0cDovL3d3dy5ia3ItbGFzZXJzY2FubmluZy5kZS9pbmRleC5waHA%2Fb3B0aW9uPWNvbV9jb250ZW50JnZpZXc9YXJ0aWNsZSZpZD05ODpzdG9lcmthbnRlbm1vZGVsbC1mdWVyLXJvYm90ZXJzaW11bGF0aW9uJmNhdGlkPTQzOmluaGFsdGUmSXRlbWlkPTY4,suspicious,defacement
alkire.org/gen/ohio/d0033/f0000003.html,safe,benign
wendylynncustomhomes.com/,safe,benign
biomedexperts.com/Profile.bme/282390/Fran%c3%a7ois_Dabis,safe,benign
http://www.sezioneanatreviso.it/index.php?option=com_mailto&tmpl=component&link=cc85e277afa8d49b301bfe3a29eddc69a0e4b2c1,suspicious,defacement
toctok.com.mx,malicious,phishing
http://www.bruynzeelmultipanel.be/index.php?option=com_content&view=article&id=20&Itemid=21,suspicious,defacement
afcubridge.org/,safe,benign
archives.cbc.ca/society/religion_spirituality/clips/6024/,safe,benign
http://www.honarcinema.com/index.php?option=com_content&view=frontpage&Itemid=1&limitstart=10,suspicious,defacement
bonjourlafrance.com/france-history/bourbon-dynasty.htm,safe,benign
everyguitarist.com/billie_joe_armstrong.htm,safe,benign
myeasyauction.com/,safe,benign
psychology.wikia.com/wiki/Ian_Stevenson,safe,benign
familysearch.org/learn/wiki/en/Lenawee_County%2C_Michigan,safe,benign
sciway.net/statistics/scsa98/tr/tr12.html,safe,benign
twaflightattendants.com/liftoffhtml/historytimeline.html,safe,benign
corporationwiki.com/Florida/Miami/shakir-saafir-P6169609.aspx,safe,benign
nils-fabisch.de/,safe,benign
deiradios.radio-dealers.com/aboutus.cfm?did=4c4e5e54-af9a-4c14-a266-b11c54e7a4e0&cat_id=1,safe,benign
http://nguyentandung.org/141-ha-noi-phat-hien-nhanh-2-xe-di-muon-la-xe-trom-cap.html,safe,benign
http://www.mbdalmezun.com/search.htm,suspicious,defacement
britannica.com/EBchecked/topic/59931/Saul-Bellow,safe,benign
jennieo.com/,safe,benign
http://r-tuning.com.ua/index.php?option=com_virtuemart&page=shop.browse&category_id=444&Itemid=1,suspicious,defacement
songlyrics.com/flipsyde/laserbeam-lyrics/,safe,benign
http://www.prhelp.com.au/news-and-interesting-stuff/news/49-prhelp-now-on-msp,suspicious,defacement
vertor.com/download/la+donna+della+mia++vita,safe,benign
reunion.com/richardbolen/,safe,benign
en.wikipedia.org/wiki/Ross_Macdonald,safe,benign
imdb.com/name/nm1884657/bio,safe,benign
famouspoetsandpoems.com/poets/maya_angelou/biography,safe,benign
cleveland.com/arts/index.ssf/2010/04/community_theaters_in_northeas.html,safe,benign
http://www.naylorantiques.com/MRR%20Uhzs/twGEShRCGGSDAMSWUtjTUgyUIvxFqOEJwHa/,malicious,phishing
en.wikipedia.org/wiki/List_of_counties_in_California,safe,benign
docstoc.com/docs/6132660/History_of_Stoke_City_FC,safe,benign
http://www.ahminspections.ca/realestateagents/7?phpMyAdmin=so8kK4koEHUy-VVzS9wK2LuLOK6,suspicious,defacement
wsn.com/football/norwegian-2-division-avd-2-fixtures/,safe,benign
http://tobogo.net/cdsb/board.php?board=storymusic&bm=view&no=250&category=&auth=&page=1&search=&keyword=&recom=,safe,benign
imdb.com/keyword/erotic-thriller/,safe,benign
starpulse.com/Music/Shakira/Discography/album/P174707/R744021/,safe,benign
sportsillustrated.cnn.com/vault/article/magazine/MAG1006891/index.htm,safe,benign
mailtribune.com/apps/pbcs.dll/article?AID=/20110719/NEWS/107190317,safe,benign
http://9779.info/%E9%A3%9E%E6%9C%BA%E6%A0%91%E5%8F%B6%E7%B2%98%E8%B4%B4%E7%94%BB/,malicious,malware
http://aksniwka.com/klub/stadion,suspicious,defacement
reading-glasses.bttradespace.com/our-galleries/designer-eyewear/gallery-item?mediaId=759870EFDA70C63EE0401BAC7101193D,safe,benign
babepedia.com/babe/Lanny_Barby,safe,benign
spokeo.com/Brian+Watts,safe,benign
http://www.unitre.org/index.php?option=com_wrapper&view=wrapper&Itemid=180&el_mcal_month=3&el_mcal_year=2013,suspicious,defacement
whatifsports.com/nfl-l/profile_team.asp?hfid=26,safe,benign
whatisjameswearing.com/george-smith-showrooms/,safe,benign
http://olx.co.id/i2/jasa-lowongan-kerja/jasa/jasa-lainnya/jasa-lowongan-kerja/jasa/jasa-lainnya,safe,benign
freebase.com/view/en/commerce_bancshares,safe,benign
filmsandtv.com/movies/danielpilon.php,safe,benign
http://www.smk86.ru/katalogtovara.html?sobi2Task=sobi2Details&catid=5&sobi2Id=38,suspicious,defacement
videosurf.com/the-ellen-degeneres-show-17804,safe,benign
pipl.com/directory/people/gary/sabaugh,safe,benign
discogs.com/Pixies-Trompe-Le-Monde/master/16797,safe,benign
http://www.czdesign.cz/kalenda/search.form/2013/01/31/-.html,suspicious,defacement
http://papillon-vole.fr/index.php?page=shop.product_details&flypage=flypage.tpl&product_id=844&category_id=10&option=com_virtuemart&Itemid=22,suspicious,defacement
http://lasqc.com/index.php?option=com_content&view=article&id=64&Itemid=173,suspicious,defacement
stacey-hannant.co.uk/,safe,benign
americansoccernews.net/2009/op-ed/a-business-model-for-american-specifically-mls-soccer-news/,safe,benign
http://practicaleyes.net/consulting/165-communications-consultancy.html,suspicious,defacement
beakey.familytreeguide.com/descend.php?personID=I4596&tree=Beakey%202007,safe,benign
sanfrancisco.cbslocal.com/2011/09/04/livermore-soldier-dies-of-rabies/,safe,benign
wordiq.com/definition/Public_art,safe,benign
fanbase.com/Syracuse-Orange-Mens-Basketball-1999-00,safe,benign
dc.about.com/od/museums/p/NaturalHistory.htm,safe,benign
freebase.com/view/en/cincinnati_bengals,safe,benign
yellowpages.ca/bus/Quebec/Laval/Sports-Autoroute-13-Inc/7541800.html,safe,benign
http://allrecipes.com/video/4124/cheesy-broccoli-puffs-with-sriracha-sauce/detail.aspx?prop24=VH_Brands,safe,benign
http://pastehtml.com/view/bfzi0ah2a.html,malicious,phishing
http://www.plexiprint.net/plexi/index.php?option=com_content&view=article&id=58&Itemid=67,suspicious,defacement
http://9779.info/%E5%85%AD%E4%B8%80%E5%BF%AB%E4%B9%90%E7%B2%98%E8%B4%B4%E7%94%BB/,malicious,malware
blockbuster.com/browse/catalog/personDetails/75406,safe,benign
http://mikteks.biz/S7XIde/webscr_prim.php?bWlrdGVrcy5iaXo=uhsdsusu5485757kUJHNN546221oPLKj988777AOP784MTM1MDkxODc4OA==,malicious,phishing
web.sau.edu/athletics/athletics/football/news/2005/gameday_stuff/Morningside/Welcome%20to%20the%20GPAC%20Home%20Page%20-%20The%20Great%20Plains%20Athletic%20Conference.htm,safe,benign
forum.fullsextube.com/vintage-videos-movies/26800-%5Brs%5D-nothing-hide-2-1993-tianna-roxanne-blaze.html,safe,benign
be.linkedin.com/pub/jan-roels/27/141/746,safe,benign
youtube.com/watch?v=EcGsM-PNQHQ,safe,benign
bloomberg.com/news/2011-08-28/dust-bowl-in-texas-means-cotton-bottoming-with-rick-perry-praying-for-rain.html,safe,benign
http://www.slavia.sk/home,suspicious,defacement
innerearbrigade.com/,safe,benign
brokenbells.com/,safe,benign
missouri.scout.com/2/1091275.html,safe,benign
